,영화명,원본파일명,장르,배역
0,파수꾼,파수꾼.hwp,드라마,   기태      동윤      희준   
1,변산,%BA%AF%BB%EA.pdf,드라마,   학수      선미   
2,어린 의뢰인 오리지널 ,어린의뢰인_원작각본(배포용).hwp,NaN,nan
3,교회누나,교회누나-최종고2(제본용).hwp,멜로/로맨스,   유아희      양백지   
4,교회누나,녹음대본_교회누나1.xls,멜로/로맨스,   유아희      양백지   
5,대관람차,시나리오합본_161001_우주.pdf,드라마,   우주      하루나      스노우   
6,더킹,더 킹.pdf,드라마,"티모시 샬라메(할 (헨리 5세)), 조엘 에저튼(존 팔스타프)"
7,지구를 지켜라,지구를 지켜라.hwp,SF,   병구      강사장   
8,지구를 지켜라,Earth.hwp,SF,   병구      강사장   
9,너의 결혼식,너의 결혼식.pdf,NaN,nan
10,내 심장을 쏴라,내 심장을 쏴라.hwp,드라마,   류승민      이수명   
11,택시운전사,택시운전사.pdf,드라마,   김만섭      피터      황태술   
12,헬로우 고스트,헬로우고스트.hwp,코미디,"제이콥 코헤인, 케이티 허버드"
13,신의 한 수,신의한수.hwp,범죄,   귀수      똥선생      허일도   
14,추격자,추격자.hwp,액션,"
						[국내] 
						
							15세 관람가
"
15,숨바꼭질,숨바꼭질.pdf,NaN,nan
16,감시자들,감시자들_1.pdf,범죄,   황반장      제임스      하윤주   
17,감시자들,감시자들_2.pdf,범죄,   황반장      제임스      하윤주   
18,서양골동양과자점 앤티크,앤티크.hwp,드라마,"주지훈(앤티크의 사장, 김진혁), 김재욱(파티쉐, 민선우), 유아인(파티쉐 견습생, 양기범)"
19,간신,간신_시나리오.docx,드라마,   임숭재      임사홍   
20,피도 눈물도 없이,피도눈물도없이.hwp,드라마,   수진      경선   
21,피도 눈물도 없이,피도눈물도.hwp,드라마,   수진      경선   
22,위험한 상견례,위험한상견례.hwp,멜로/로맨스,   박영희      한철수      한달식   
23,뜨거운 것이 좋아,070320_뜨거운것이_좋아.hwp,드라마,   김영미      김아미      김강애   
24,판도라,판도라.hwp,드라마,   재혁      연주      평섭   
25,부산행,부산행.hwp,액션,   한정석      민정   
26,연애의 온도,연애의 온도.hwp,멜로/로맨스,   이동희      장영   
27,타짜,타짜.hwp,범죄,   도일출      애꾸      마돈나   
28,쩨쪠한 로맨스,째째한로맨스.hwp,멜로/로맨스,   정배      다림   
29,날 보러와요,날보러와요_김광림작.hwp,미스터리,   강수아      나남수      장원장   
30,터널,터널.pdf,NaN,nan
31,우아한 거짓말,3807_우아한거짓말.hwp,드라마,   현숙      만지      화연   
32,초록물고기,초록 물고기.hwp,드라마,   막동      미애      배태곤   
33,화이,화이_2012_1122_final.hwp,액션,   석태      화이      기태   
34,신세계,신세계.hwp,멜로/로맨스,"릴리 프랭키, 하시모토 아이, 이시하라 사토미"
35,검은사제들,검은사제들.pdf,공포,"토빈 벨, 랜디 셸리"
36,밀정,밀정.hwp,액션,   이정출      김우진   
37,뷰티인사이드 ,뷰티인사이드.pdf,멜로/로맨스,   홍이수   
38,늑대소년 ,늑대소년.pdf,NaN,nan
39,곡성 ,곡성.docx,미스터리,   종구      일광      외지인   
40,태양의 후예,태양의후예 10회.hwp,멜로/로맨스,   유시진      강모연   
41,변호인,변호인.pdf,드라마,   송우석      최순애      박동호   
42,부당거래,부당거래.hwp,범죄,   최철기      주양      장석구   
43,베를린,베를린 최종고(20120301).pdf,공포,"알렉스 벨라스케스 , 알렌 리오스, 사무엘 토레스 바그너"
44,용의자 ,유력한 용의자-0417 1.0.hwp,NaN,nan
45,미나문방구 ,미나문방구.hwp,드라마,   강미나      최강호   
46,건축학개론 ,건축학개론.hwp,멜로/로맨스,"엄태웅(현재 승민), 한가인(현재 서연), 이제훈(과거 승민)"
47,오직 그대만,오직 그대만.hwp,멜로/로맨스,   철민      정화   
48,끝까지 간다,끝까지간다.hwp,스릴러,사브리나 노우치
49,더 테러 라이브,더 테러 라이브.pdf,액션,"카르틱 아르얀, 므리날 타쿠르"
50,티끌모아 로맨스,티끌모아_로맨스.pdf,멜로/로맨스,   구홍실      천지웅   
51,가비,가비.pdf,NaN,nan
52,반창꼬,반창꼬.hwp,드라마,   강일      미수   
53,완득이,완득이_시나리오(최종고).hwp,드라마,   동주      완득   
54,도가니,도가니.doc,드라마,   강인호      서유진   
55,의뢰인,의뢰인.hwp,드라마,   강성희      안민호      한철민   
56,댄싱퀸,댄싱퀸_최종_시나리오.hwp,코미디,   정민      정화   
57,광해,광해.hwp,드라마,   허균      중전   
58,고지전 ,고지전.hwp,전쟁,   강은표      김수혁      신일영   
59,이창동 감독 '시' ,시.hwp,NaN,nan
60,써니 ,써니.hwp,NaN,nan
61,황해 ,황해.part1.rar,범죄,   김구남      면정학      김태원   
62,황해 ,황해.part2.rar,범죄,   김구남      면정학      김태원   
63,오랜만에 .. 아저씨..,아저씨.hwp,NaN,nan
64,7급 공무원,7급공무원.hwp,액션,   안수지      이재준   
65,내 깡패같은 애인,내_깡패같은_애인.hwp,코미디,   동철      세진   
66,의형제,의형제(090719).hwp,액션,   이한규      송지원   
67,악마를 보았다,악마를보았다.hwp,한국,   봉구      춘식   
68,홍길동의 후예 (2009)     -,홍길동의_후예.hwp,NaN,nan
69,아내의 애인을 만나다 (2005)    ’ ,아내의_애인을_만나다..hwp,NaN,nan
70,베스트셀러 ,베스트셀러.hwp,코미디,오브리 플라자
71,박쥐 ,Thirst.pdf,한국,   모일순      옥선      수경   
72,해운대,해운대(최종).doc,모험,   최만식      강연희      김휘   
73,국가대표,국가대표.hwp,드라마,   리지원      강대웅      박채경   
74,애자 ,애자.pdf,드라마,"최강희(딸, 박애자), 김영애(엄마, 최영희)"
75,오보더 레인보우,오버더레인보우.hwp,NaN,nan
76,마린보이 .20080503,마린_보이.hwp,NaN,nan
77,사랑,사랑.doc,NaN,nan
78,우리동네,우리동네.hwp,NaN,nan
79,거룩한계보,거룩한계보.hwp,드라마,   동치성      김주중      정순탄   
80,박쥐,박쥐.hwp,한국,   모일순      옥선      수경   
81,마더,마더.hwp,NaN,nan
82,그림자 살인,그림자살인_faye69.hwp,스릴러,"황정민(명탐정, 홍진호), 류덕환(의학도, 광수), 엄지원(여류발명가, 순덕)"
83,인사동 스캔들  .,인사동스캔들.hwp,범죄,"김래원(복원 전문가, 이강준), 엄정화(미술계 거물, 배태진)"
84,슬픔보다 더 슬픈이야기  .,슬픔보다 더 슬픈 이야기.pdf,멜로/로맨스,   케이      크림      주환   
85,작전 ,작전.pdf,액션,   우웨이      쉬즈란      가오텐밍   
86,핸드폰  .,핸드폰.pdf,스릴러,"박용우(익명의 남자, 정이규), 엄태웅(연예기획사 대표, 오승민)"
87,과속 스캔들 ,과속스캔들.pdf,코미디,   남현수      황기동   
88,멋진하루  .,멋진하루.hwp,드라마,   김희수      조병운   
89,미인도,미인도.hwp,무협,"진소춘, 주지, 학소문"
90,영화는 영화다,영화는영화다.hwp,액션,   이강패      장수타   
91,미쓰홍당무  .,홍당무.pdf,코미디,   양미숙      서종철   
92,아내가 결혼햇다  .,아내가 결혼했다.pdf,멜로/로맨스,   주인아      노덕훈   
93,비스티 보이즈  .,비스티보이즈.pdf,드라마,   승우      재현      지원   
94,트럭  .,트럭.pdf,액션,"제이슨 스타뎀, 스콧 이스트우드, 조쉬 하트넷"
95,바보  .,바보.pdf,드라마,   승룡      지호   
96,내사랑  .,내사랑(가제).pdf,드라마,"샐리 호킨스(모드 루이스), 에단 호크(에버렛 루이스)"
97,누가 그녀와 잤을까?,누가그녀와잤을까(06[1].14완고).hwp,코미디,"김사랑(여교생 엄지영), 박준규(학생 배재성), 이혁재(학생주임 시라소니)"
98,더 게임  .,더게임.pdf,스릴러,"신하균(거리의 화가 민희도), 변희봉(강노식 회장), 이혜영(회장의 부인, 이혜린)"
99,좋은 놈 나쁜 놈 이상한 놈,좋은놈 나쁜놈 이상한놈.pdf,액션,"송강호(이상한 놈, 윤태구), 이병헌(나쁜 놈, 박창이), 정우성(좋은 놈, 박도원)"
100,눈에는 눈 이에는 이,눈에는_눈_이에는_이.hwp,범죄,   백성찬      안현민   
101,피의 고사,고사.hwp,공포,"이범수(교사, 황창욱), 윤정희(영어교사, 최소영), 남규리(여고생, 이나)"
102,와니와준하,와니와준하.hwp,멜로/로맨스,   와니      준하   
103,도레미파솔라시도,도레미파솔라시도.hwp,드라마,   신은규      윤정원      강희원   
104,요청 자료,오래된정원.pdf,NaN,nan
105,조용한 세상,조용한세상.hwp,미스터리,   류정호      박수연   
106,달콤한 인생(김지운),달콤한 인생.hwp,NaN,nan
107,우리 생애 최고의 순간,우리생애최고의순간.hwp,드라마,   미숙      혜경   
108, 506,gp506.pdf,미스터리,   수사관   
109,강철중: 공공의 적 1-1,강철중.hwp,범죄,"설경구(강력반 꼴통형사, 강철중), 정재영(거성그룹 회장, 이원술)"
110,마을금고연쇄습격사건,성난펭귄 19고 1011.hwp,코미디,"백윤식(형사 구 반장), 이문식(은행털이범 배기로), 박효준(은행털이범 만수)"
111,"로망스(조재현,김지수 주연)",로망스파이날.doc,NaN,nan
112,내사랑 마음이  .,내사랑마음이.pdf,가족,   찬이      마음이      소이   
113,그 때 그 사람들  .,그때그사람들.pdf,미스터리,"한석규(주 과장), 백윤식(김 부장)"
114,역도산  .,역도산.pdf,드라마,   역도산      아야   
115,사생결단  .,사생결단.pdf,느와르,   이상도   
116,세븐데이즈,세븐데이즈.hwp,드라마,"브뤼노 토데쉬니, 알레시아 바렐라"
117,슈퍼맨 이였던 사나이  .,슈퍼맨이였던사나이.pdf,코미디,   슈퍼맨      송수정   
118,무방비 도시  .,무방비도시.pdf,범죄,   조대영      백장미      강만옥   
119,식객,식객.pdf,드라마,   성찬      봉주      진수   
120,바르게 살자,바르게살자0719.hwp,코미디,   정도만      이승우   
121,스카우트,스카우트_시나리오.hwp,액션,"아피사릿 아디사수라락, 위라유트 카엥칸"
122,가면,가면.hwp,NaN,nan
123,라이터를 켜라,라이터를켜라.hwp,코미디,"김승우(백수 허봉구), 차승원(건달 보스 양철곤)"
124,허브  ,허브.pdf,드라마,   차상은      김현숙      이종범   
125,만남의 광장 .,만남의광장(0813v)시나리오.hwp,코미디,   공영탄      선미   
126,해변의 여인  .,해변의여인.doc,드라마,   김중래      김문숙      최선희   
127,내생에 최악의 남자  .,내생에최악의남자.pdf,NaN,nan
128,형 남자 친구  .,B형남자친구.pdf,NaN,nan
129,비열한 거리  .,비열한거리.pdf,범죄,   병두      민호   
130,짝패  .,짝패.pdf,액션,   유석환      정태수      장필호   
131,스승의 은혜  .,스승의은혜.pdf,공포,   남미자      이세호   
132,아랑  .,아랑.pdf,공포,"송윤아(고참 형사 소영), 이동욱(신참 형사 현기)"
133,여교수의 은밀한 매력  .,여교수의은밀한매력.pdf,코미디,   조은숙      박석규   
134,러브토크  ,러브토크.pdf,멜로/로맨스,   써니      영신      지석   
135,피터팬의 공식,피터팬의공식.pdf,드라마,   김한수      유인희      윤미진   
136,뷰티풀 썬데이,뷰티풀썬데이.pdf,드라마,   민우      수연   
137,검은집,검은집.pdf,NaN,nan
138,싸움,싸움.pdf,NaN,nan
139,범죄의 재구성,범죄의재구성.pdf,범죄,   서인경   
140,범죄의 재구성,범죄.hwp,범죄,   서인경   
141,기다리다 미쳐,기다리다미쳐.pdf,멜로/로맨스,   김효정      박원재      남보람   
142,파송송 계란탁,파송송계란탁.pdf,코미디,"임창정(짝퉁 음반업자 이대규), 이인성(대규의 9살 아들 서인권)"
143,기담,기담.pdf,공포,   박정남      이수인      김동원   
144,우리에게 내일은 없다,우리에게내일은없다.pdf,드라마,"안도 사쿠라, 에모토 토키오, 엔도 유야"
145,우리 동네,우리동네.pdf,NaN,nan
146,행복,행복.pdf,NaN,nan
147,박수칠때떠나라,박수칠때떠나라.hwp,코미디,"차승원(검사 최연기), 신하균(용의자 김영훈)"
148,,M.doc,NaN,nan
149,,두뇌유희프로젝트 퍼즐.doc,NaN,nan
150,,[시나리오] 박수칠 때 떠나라.hwp,NaN,nan
151,,후아유.hwp,NaN,nan
152,질투는 나의 힘,질투는나의힘_최종.hwp,NaN,nan
153,지금 사랑하는 사람과 살고 있습니까?,지금_사랑하는_사람과_살고_있습니까.HWP,멜로/로맨스,   서유나      정민재      박영준   
154,브라보 마이 라이프,브라보마이라이프.hwp,코미디,   조민혁      최석원      박승재   
155,즐거운 인생,즐거운_인생.hwp,NaN,nan
156,마이파더,마이파더.hwp,NaN,nan
157,미녀는 괴로워,미녀는 괴로워.hwp,코미디,   한상준   
158,밀양,밀양.hwp,드라마,"전도연(피아노 학원 강사, 이신애), 송강호(카센터 사장, 김종찬)"
159,폰,폰.hwp,공포,   서지원      강호정   
160,전설의 고향,전설의고향.hwp,멜로/로맨스,"
						[국내] 
						
							청소년 관람불가
"
161,분홍신,분홍신.hwp,공포,   선재      인철   
162,스승의 은혜,스승의은혜.hwp,NaN,nan
163,빈집,빈집자막.hwp,NaN,nan
164,예의없는것들,예의없는것들050609.hwp,NaN,nan
165,극락도 살인사건,극락도살인사건.hwp,미스터리,"박해일(보건소장, 제우성), 박솔미(여선생, 장귀남), 성지루(학교소사, 한춘배)"
166,우아한 세계,우아한세계.hwp,범죄,   강인구   
167,반칙왕,반칙왕.hwp,코미디,   대호      민영   
168,좋지 아니한가,좋지 아니한가.hwp,코미디,"천호진(아빠 심창수), 문희경(엄마 오희경), 김혜수(이모 오미경)"
169,미스터 주부퀴즈왕,미스터주부퀴즈왕.hwp,코미디,   진만      수희      영승   
170,쉬리,쉬리.txt,액션,   유중원      박무영      이장길   
171,천하장사 마돈나,천하장사마돈나.hwp,코미디,류덕환(뚱보 소년 오동구)
172,스캔들 - 조선남녀상열지사,스캔들.hwp,드라마,   조원      조씨부인   
173,최강 로맨스,최강로맨스.hwp,코미디,   강재혁      최수진   
174,그해 여름,그해여름.hwp,NaN,nan
175,우리들의 일그러진 영웅,우리들의일그러진영웅.hwp,드라마,   엄석대   
176,첼로 - 홍미주 일가 살인사건,첼로-홍미주일가 살인사건.hwp,공포,   홍미주   
177,역도산,역도산.hwp,드라마,   역도산      아야   
178,미스터 소크라테스,미스터소크라테스24.hwp,범죄,   구동혁      범표   
179,중천,중천.hwp,판타지,   소화   
180,싸이보그지만 괜찮아,싸이보그지만괜찮아.HWP,드라마,   박일순      영군   
181,애정결핍이 두 남자에게 미치는 영향,애정결핍이 두 남자에게 미치는 영향.hwp,코미디,"백윤식(구두쇠 아버지), 봉태규(영악한 아들 현이 / 개미/모기 목소리), 이혜영(이혼녀 미미)"
182,열혈남아,열혈남아.hwp,범죄,   심재문      문치국      김점심   
183,가을로,가을로.doc,멜로/로맨스,   최현우      서민주      윤세진   
184,사랑따윈 필요없어,사랑따윈 필요없어.hwp,드라마,   줄리앙      류민   
185,"봉준호 감독, 지리멸렬 (, 支離滅裂, 1994)",봉준호 '지리멸렬'.hwp,NaN,nan
186,우리들의 행복한 시간,우리들의행복한시간.hwp,드라마,   문유정   
187,가족의탄생 ,가족의탄생_051021.hwp,NaN,nan
188,라디오 스타,라디오스타.hwp,코미디,"박중훈(88년 가수왕, 최곤), 안성기(최곤의 매니저, 박민수)"
189,너는 내 운명,너는 내 운명.hwp,멜로/로맨스,   전은하      김석중   
190,나의 결혼 원정기,나의결혼원정기.hwp,드라마,"정재영(신토불이 쑥맥 만택), 수애(우즈베키스탄 현지 통역관 김라라), 유준상(농촌계 작업맨 희철)"
191,괴물,괴물.hwp,NaN,nan
192,아이스케키,아이스케키.hwp,가족,   영래   
193,사랑해 말순씨,사랑해말순씨.hwp,드라마,   광호   
194,다세포 소녀,다세포소녀.hwp,코미디,   외눈박이   
195,호로비츠를 위하여,호로비츠를위하여.hwp,드라마,   김지수      윤경민      심광호   
196,각설탕,각설탕.hwp,코미디,레자 키아니안
197,플라이대디,플라이대디.hwp,드라마,   장가필      고승석   
198,아파트,아파트.hwp,한국,"
						[국내] 
						
							12세 관람가
"
199,청춘만화,청춘만화.hwp,멜로/로맨스,   이지환      진달래   
200,"소년,천국에 가다","소년,_천국에_가다.hwp",판타지,   부자      배네모   
201,비열한 거리,비열한거리.doc,범죄,   병두      민호   
202,맨발의 기봉이,맨발의 기봉이.hwp,코미디,   기봉   
203,아름다운 시절,아름다운 시절.hwp,스릴러,"소국매, 고맹걸, 오우치"
204,악어,악어.hwp,NaN,nan
205,구타유발자들,구타유발자들.pdf,코미디,   문재      봉연      오근   
206,"달콤, 살벌한 연인","달콤,살벌한연인.hwp",멜로/로맨스,   황대우      이미나      백장미   
207,오로라 공주,오로라공주.hwp,범죄,   정순정   
208,접속,접속.hwp,NaN,nan
209,약속,약속.hwp,드라마,   유진      인규   
210,편지,편지.hwp,NaN,nan
211,품행제로,품행제로.hwp,코미디,   중필      민희      나영   
212,신부수업 ,신부수업시나리오.hwp,멜로/로맨스,"권상우(신학생 규식), 하지원(말괄량이 봉희), 김인권(신학생 선달)"
213,도마뱀,도마뱀_시나리오.hwp,한국,"
						[국내] 
						
							12세 관람가
"
214,...,ing대본.hwp,NaN,nan
215,사랑을 놓치다,사랑을_놓치다.hwp,드라마,   우재      연수   
216,방과후 옥상,방과후옥상_시나리오.hwp,코미디,   마연성      최미나   
217,"안녕,형아",안녕형아[최종본].hwp,드라마,   장한이   
218,백만장자의 첫사랑,0920시나리오-제본용.hwp,멜로/로맨스,   재경      은환   
219,웰컴 투 동막골,웰컴_투_동막골.hwp,드라마,   여일   
220,"여자,정혜",정혜20031210[1].hwp,드라마,   정혜      작가   
221,새드무비,새드무비.hwp,멜로/로맨스,   이진우      안수정      정하석   
222, ,My Generation.hwp,NaN,nan
223,홀리데이,홀리데이.hwp,드라마,   이브      노아   
224,음란서생,음란서생.hwp,멜로/로맨스,   윤서      정빈   
225,요청하신 야수 ,야수[1].hwp,NaN,nan
226,요청하신 내생애 가장 아름다운 일주일,내생애가장아름다운일주일레이아웃편집본.doc,NaN,nan
227,파랑주의보,파랑주의보.hwp,NaN,nan
228,태풍,태풍.hwp,NaN,nan
229,왕의 남자,왕의_남자.hwp,드라마,   장녹수   
230,광식이 동생 광태,광식이동생광태.hwp,멜로/로맨스,   광식      광태      윤경   
231,작업의정석,작업의정석.hwp,코미디,   한지원      서민준   
232,청연,청연(靑燕).hwp,드라마,   박경원      한지혁   
233,댄서의 순정,댄서의순정6[1].hwp,드라마,   나영새   
234,사랑니,사랑니.hwp,NaN,nan
235,외출,외출.hwp,드라마,이서한
236,첫사랑(1993),첫 사랑.hwp,NaN,nan
237,잠복근무,잠복근무.hwp,한국,   하태주      고동필   
238,친절한 금자씨,친절한 금자씨-시나리오.doc,스릴러,   금자   
239,연애의 목적,연애의_목적.hwp,멜로/로맨스,"박해일(영어교사 유림), 강혜정(미술교생 홍)"
240,혈의 누,혈의 누.hwp,범죄,   이원규      김인권      두호   
241,남극일기,남극일기.hwp,미스터리,   최도형      민재   
242,역전의 명수,역전의_명수1.hwp,코미디,   오순희      이순희   
243,달콤한 인생,달콤한 인생97.hwp,액션,"
						[국내] 
						
							12세 관람가
"
244,주먹이 운다,주먹이 운다.doc,드라마,   강태식      유상환   
245,마파도,마파도.hwp,코미디,   엄재철      나충수   
246,공공의 적 2,공공의적 2.hwp,드라마,   강철중      한상우   
247,말아톤 - 상영이 끝나서 ..,말아톤.hwp,NaN,nan
248,귀여워,귀여워.hwp,코미디,   순이   
249,돌려차기,돌려차기.hwp,코미디,   용객      민규      수빈   
250,슈퍼스타 감사용,수퍼스타 감사용.hwp,드라마,   박은아   
251,인형사,인형사.hwp,공포,   미나      태승   
252,얼굴없는 미녀,얼굴없는 미녀.hwp,스릴러,   지수      석원   
253,내 머리속의 지우개,내머리속의지우개.hwp,멜로/로맨스,   철수      수진   
254,거미숲,거미숲.hwp,판타지,하윤경
255,꽃피는 봄이 오면,꽃피는봄이오면(2004-02-09).hwp,드라마,   차범수      김희진   
256,비디오를 보는 남자,비디오를_보는_남자.hwp,드라마,   혜정   
257,누구에게나 비밀은 있다,비밀.hwp,멜로/로맨스,   최수현      한선영      한진영   
258,주홍글씨,주홍글씨.hwp,드라마,"케빈 베이컨, 테렌스 하워드"
259,오!해피데이,오해피데이-2003진행고수정.hwp,코미디,   현준   
260,남자 이야기,남자이야기.hwp,NaN,nan
261,은행나무 침대,은행나무.hwp,드라마,   수현      선영      미단   
262,와이키키 브라더스,와이키키.hwp,드라마,   성우      정석      강수   
263,와이키키 브라더스,와이키키_브라더스.doc,드라마,   성우      정석      강수   
264,가족,가족.hwp,NaN,nan
265,태극기 휘날리며,태극기.hwp,전쟁,   이진태      이진석      영신   
266,지리멸렬-봉준호 감독 단편,지리멸렬.hwp,NaN,nan
267,투가이즈,투가이즈.hwp,몽골,   바야라      바타아   
268,령,령.hwp,드라마,왕전군
269,페이스,FACE페이스.hwp,NaN,nan
270,영어완전정복,영어완전정복.hwp,코미디,   영주      문수   
271,라이어,라이어.hwp,NaN,nan
272,아는 여자,아는여자-시나리오.hwp,코미디,   동치성      한이연   
273,그놈은 멋있었다,그놈은멋있었다 시나리오.hwp,코미디,   지은성      한예원   
274,바람의 전설,바람.hwp,드라마,   풍식      연화   
275,바람의 전설,바람의전설_오발탄.hwp,드라마,   풍식      연화   
276,효자동 이발사,효자동.hwp,드라마,   성한모      성낙안      김민자   
277,어디선가 누군가에 무슨 일이 생기면 틀림없이 나타난다 홍반장,홍반장.doc,코미디,"김주혁(동네반장 홍두식), 엄정화(치과의 윤혜진), 김가연(간호사 미선)"
278,오구,오구.doc,코미디,   미연   
279,아라한 장풍대작전,아라한.hwp,액션,   자운   
280,어린신부 ,어린신부-시나리오.doc,멜로/로맨스,   박상민      서보은   
281,안녕! 유에프오,안녕UFO.hwp,멜로/로맨스,   상현      경우   
282,그녀를 믿지 마세요,그녀를 믿지 마세요.hwp,코미디,   주영주      최희철   
283,마지막 늑대,마지막늑대.hwp,코미디,   최철권      고정식   
284,창:노는계집 창,창.hwp,드라마,   길룡   
285,우묵배미의 사랑,우묵배미의 사랑.hwp,드라마,   일도      공례      새댁   
286,말죽거리 잔혹사,말죽거리 잔혹사.hwp,드라마,   현수      우식      은주   
287,날 보러 와요 (살인의 추억 원작),날보러와요.hwp,NaN,nan
288,네 멋대로 해라 (드라마),네멋대로해라.hwp,드라마,   고복수      전경   
289,하루,haru.txt,한국,"
						[국내] 
						
							12세 관람가
"
290,헤피에로크리스마스,해피에로크리스마스.hwp,NaN,nan
291,빙우,빙우.hwp,모험,   강중현      한우성      김경민   
292,넘버.3,넘버3.hwp,NaN,nan
293,거울속으로..,mirror_ver9_제본.hwp,공포,   우영민      하현수   
294,올드보이 (),Ob.hwp,드라마,   오대수      이우진      미도   
295,올드보이....,올드보이.hwp,드라마,   오대수      이우진      미도   
296,로드 무비,로드무비.hwp,NaN,nan
297,거울속으로,거울속으로.hwp,NaN,nan
298,결혼은 미친짓이다,결혼은_미친짓이다.hwp,드라마,   준영      연희   
299,초록 물고기,초록.hwp,드라마,   막동      미애      배태곤   
300,건축무한육면각체의 비밀...,건축무한육면각체의비밀.hwp,미스터리,   신용민      신태경      장덕희   
301,바람난 가족.,바람난 가족(0909).hwp,드라마,   은호정      주영작   
302,이중간첩,double.hwp,드라마,   임병호      윤수미   
303,반칙왕  ( 파일),반칙왕.doc,NaN,nan
304,꽃잎,꽃잎.hwp,드라마,   소녀      장      엄마   
305,실미도,실미도.hwp,전쟁,"설경구(강인찬 - 684부대 제3조장), 안성기(최재현 준위), 허준호(조 중사)"
306,황산벌.,황산벌.hwp,코미디,   계백      김유신      거시기   
307,눈물,눈물[1].doc,NaN,nan
308,와일드카드,와일드카드.hwp,범죄,   베이비   
309,위대한 유산 .,위대한유산9제본97버전-97.hwp,드라마,   에스텔라   
310,오! 브라더스,오브라더스(최종본).hwp,코미디,   오상우      오봉구   
311,싱글즈,single.hwp,코미디,"
						
						
						
						[해외] 
						
							NR
도움말
"
312,불어라 봄바람,불어라봄바람.hwp,코미디,   선국      화정   
313,인터뷰,인터뷰_심의대본.hwp,NaN,nan
314,여우계단 .,여고괴담3(여우계단).hwp,공포,   진성      소희      혜주   
315,플라스틱 트리,플라스틱트리.hwp,스릴러,   원영      병호      수   
316,사인용식탁.,사인용식탁(한글97버전).hwp,NaN,nan
317,미술관옆동물원.,미술관_옆_동물원.hwp,멜로/로맨스,   춘희      인공      철수   
318,국화꽃 향기,kukhwa.hwp,드라마,   민희재      서인하   
319,연애소설 ,연애소설(97).hwp,멜로/로맨스,"타마키 히로시(쿠보 사토시), 코니시 마나미(사와이 미즈키)"
320,선생 김봉두  다시 ,선생_김봉두.hwp,NaN,nan
321,살인의 추억 다시 .,살인의_추억.hwp,NaN,nan
322,일진녀는 못말려 시놉시스,일진녀는_못말려[시놉스].hwp,NaN,nan
323,클래식  임당...,클래식.hwp,NaN,nan
324,색즉시공 한글로 된거...,색즉시공.hwp,NaN,nan
325,가문의 영광 ,가문의영광.hwp,코미디,   박대서      김효정      장인태   
326,버스 정류장,버스정류장97.hwp,한국,"양나영, 정다은"
327,하얀방 시나료....,하얀방완_1_.hwp,NaN,nan
328,동갑내기 과외하기,동갑내기_과외하기(97).hwp,코미디,   수완      지훈   
329,색즉시공 시나료.....,색즉시공_시나리오(4[1][1].8).doc,NaN,nan
330,퇴마록 ,퇴마록시나리오.hwp,미스터리,"두이헝, 임풍화"
331,뚫어야 산다,뚫어야산다_시나리오.hwp,범죄,   우진      윤아   
332,고양이를 부탁해,고양이를_부탁해_시나리오.hwp,드라마,   유태희      신혜주      서지영   
333,해피엔드,해피엔드_시나리오.hwp,NaN,nan
334,번지점프를 하다,번지점프를_하다_시나리오.hwp,멜로/로맨스,   서인우      인태희   
335,번지점프를 하다,bunji.hwp,멜로/로맨스,   서인우      인태희   
336,복수는 나의것,복수는_나의것_시나리오.hwp,NaN,nan
337,공동경비구역 ,공동경비구역JSA_시나리오.hwp,드라마,"이영애(소피 E 장 소령), 이병헌(이수혁 병장), 송강호(오경필 중사)"
338,해안선,해안선_시나리오.hwp,NaN,nan
339,예스터데이  ,예스터데이[1547].hwp,드라마,"히메쉬 파텔(잭 말릭), 릴리 제임스(엘리 애플턴)"
340, 야구단,ymca야구단.hwp,코미디,   이호창      민정림   
341,서프라이즈,서프라이즈.hwp,NaN,nan
342,성냥팔이 소녀의 재림,성소.hwp,액션,   주   
343,오아시스,오아시스.hwp,NaN,nan
344,소름 ,소름.hwp,공포,"패트릭 브라이스, 마크 듀플라스"
345,일단뛰어,일단뛰어.hwp,모험,   성환      지형      진원   
346,공공의 적,공공의적.hwp,액션,   로렌   
347,아유레디,아유레디.hwp,다큐멘터리,"장광(내레이션 목소리), 고형원"
348,드디어 반칙왕 시나라오를.....,~$반칙왕.doc,NaN,nan
349,꽃섬,꽃섬.doc,드라마,   옥남      유진      혜나   
350,와니와 준하 ,7[1].1고_쿨.hwp,멜로/로맨스,   와니      준하   
351,두사부일체  ...,두사부일체.hwp,코미디,   계두식      김상두      대가리   
352,순애보,순애보.hwp,드라마,"이정재, 다치바나 미사토"
353,달마야 놀자 ...,달마_수정고_B.hwp,코미디,   재규      청명   
354,봄날은 간다,봄날은_간다_5고_(2월21일).hwp,드라마,   상우      은수   
355,킬러들의 수다 .,킬러들의수다.hwp,액션,   상연      재영      정우   
356,강원도의 힘,강원도의_힘.zip,NaN,nan
357,내 마음의 풍금,내마음의_풍금.zip,드라마,   수하      홍연      은희   
358,돼지가 우물에 빠진 날,돼지가_우물에_빠진_날.zip,드라마,   효섭      동우      민재   
359,세이예스..,세이예스.hwp,스릴러,   윤희      정현   
360,베사메무쵸,베사3.hwp,드라마,   영희      철수   
361,무사,무사.hwp,액션,"
						[국내] 
						
							15세 관람가
"
362,엽기적인 그녀,엽기적인_그녀.hwp,멜로/로맨스,   견우      그녀   
363,간첩리철진,간첩_리철진.hwp,드라마,   리철진      화이   
364,커밍아웃  팩키지,comingout_scenario_package.zip,NaN,nan
365,신라의 달밤 오리지날...,신라의달밤_제본판.hwp,NaN,nan
366,태양은 없다..,태양은_없다.hwp,NaN,nan
367,기막흰 사내들...,기막힌사내들.zip,NaN,nan
368,동감,동감.hwp,멜로/로맨스,"여진구, 조이현, 김혜윤"
369,여고 괴담 두번째이야기,mento_mori.hwp,공포,   민아      효신      시은   
370,킬리만자로 ..,킬리만자로.hwp,드라마,   번개      중사   
371,수취인불명 .,unknown.hwp,드라마,   창국      은옥      지흠   
372,주유소 습격사건 심의대본,주유소~.hwp,NaN,nan
373,파이란,love7.hwp,멜로/로맨스,   강재      파이란   
374,선물...,선물최종제본용87.hwp,코미디,   용구   
375,영화'친구'의 .,친구.hwp,애니메이션,"야지마 아키코(노하라 신노스케), 나라하시 미키(노하라 미사에), 후지와라 케이지(노하라 히로시)"
376,텔미썸씽 ,텔미썸딩.hwp,스릴러,   채수연   
377,단적비연수 .,단적비연수.hwp,멜로/로맨스,   단      적      비   
378,자카르타 .,자카르타.hwp,범죄,   두산      사현      블루   
379,오!수정 ,ohsujung_오수정.hwp,드라마,   수정      재훈      영수   
380,불후의 명작 ..,불후의_명작.hwp,멜로/로맨스,   여경   
381,리베라메 ,리베라메.hwp,액션,   조상우      여희수   
382,나도 아내가 있었으면 좋겠다 ,나도아내가.hwp,멜로/로맨스,   정원주      김봉수   
383,인디안 썸머  ,인디언썸머.hwp,다큐멘터리,넬라 밴피
384,다찌마와 리  .,다찌마와리.doc,액션,   금연자      마리   
385,가위,가위.hwp,NaN,nan
386,대한민국헌법제1조,invest1.hwp,코미디,   고은비   
387,유령,ghost.hwp,액션,"설경구, 이하늬, 박소담"
388,위령제,weryungje.hwp,NaN,nan
389,8월의 크리스마스 ,8월의_크리스마스.hwp,NaN,nan
390,박하사탕,candy2_6.hwp,NaN,nan
391,시월애 ,swe.zip,드라마,   성현      은주   
392,파란대문,blue.txt,NaN,nan
393,행복한 장의사 ,jang.hwp,코미디,   장재현      장판돌      판철구   
